Workbook
Name Slicer_Gender: #N/A
Name Slicer_ParentalSupport: #N/A

Sheet Student_performance_data _
A1: StudentID | B1: Age | C1: Gender | D1: Ethnicity | E1: ParentalEducation | F1: StudyTimeWeekly | G1: Absences | H1: Tutoring | I1: ParentalSupport | J1: Extracurricular | K1: Sports | L1: Music | M1: Volunteering | N1: GPA | O1: GradeClass
A2: 1001 | B2: 17 | C2: 1 | D2: 0 | E2: 2 | F2: 19.833722807854713 | G2: 7 | H2: 1 | I2: 2 | J2: 0 | K2: 0 | L2: 1 | M2: 0 | N2: 2.929195591667681 | O2: 2
A3: 1002 | B3: 18 | C3: 0 | D3: 0 | E3: 1 | F3: 15.40875605584674 | G3: 0 | H3: 0 | I3: 1 | J3: 0 | K3: 0 | L3: 0 | M3: 0 | N3: 3.042914833436377 | O3: 1
A4: 1003 | B4: 15 | C4: 0 | D4: 2 | E4: 3 | F4: 4.2105698 | G4: 26 | H4: 0 | I4: 2 | J4: 0 | K4: 0 | L4: 0 | M4: 0 | N4: 0.1126022544661815 | O4: 4
A5: 1004 | B5: 17 | C5: 1 | D5: 0 | E5: 3 | F5: 10.028829473958215 | G5: 14 | H5: 0 | I5: 3 | J5: 1 | K5: 0 | L5: 0 | M5: 0 | N5: 2.0542181397029484 | O5: 3
A6: 1005 | B6: 17 | C6: 1 | D6: 0 | E6: 2 | F6: 4.6724952729713305 | G6: 17 | H6: 1 | I6: 3 | J6: 0 | K6: 0 | L6: 0 | M6: 0 | N6: 1.2880611817953875 | O6: 4
A7: 1006 | B7: 18 | C7: 0 | D7: 0 | E7: 1 | F7: 8.191218545250186 | G7: 0 | H7: 0 | I7: 1 | J7: 1 | K7: 0 | L7: 0 | M7: 0 | N7: 3.0841836144863937 | O7: 1
A8: 1007 | B8: 15 | C8: 0 | D8: 1 | E8: 1 | F8: 15.601680474699295 | G8: 10 | H8: 0 | I8: 3 | J8: 0 | K8: 1 | L8: 0 | M8: 0 | N8: 2.748237414891583 | O8: 2
A9: 1008 | B9: 15 | C9: 1 | D9: 1 | E9: 4 | F9: 15.424496305808074 | G9: 22 | H9: 1 | I9: 1 | J9: 1 | K9: 0 | L9: 0 | M9: 0 | N9: 1.360142712316461 | O9: 4
A10: 1009 | B10: 17 | C10: 0 | D10: 0 | E10: 0 | F10: 4.562007558047703 | G10: 1 | H10: 0 | I10: 2 | J10: 0 | K10: 1 | L10: 0 | M10: 1 | N10: 2.896819189513569 | O10: 2
A11: 1010 | B11: 16 | C11: 1 | D11: 0 | E11: 1 | F11: 18.444466363097202 | G11: 0 | H11: 0 | I11: 3 | J11: 1 | K11: 0 | L11: 0 | M11: 0 | N11: 3.5734742103297656 | O11: 0
A12: 1011 | B12: 17 | C12: 0 | D12: 0 | E12: 1 | F12: 11.851363655296536 | G12: 11 | H12: 0 | I12: 1 | J12: 0 | K12: 0 | L12: 0 | M12: 0 | N12: 2.1471716250185144 | O12: 3
A13: 1012 | B13: 17 | C13: 0 | D13: 0 | E13: 1 | F13: 7.5984858 | G13: 15 | H13: 0 | I13: 2 | J13: 0 | K13: 0 | L13: 0 | M13: 1 | N13: 1.5595945190402773 | O13: 4
A14: 1013 | B14: 17 | C14: 0 | D14: 1 | E14: 1 | F14: 10.038711615617213 | G14: 21 | H14: 0 | I14: 3 | J14: 1 | K14: 0 | L14: 0 | M14: 0 | N14: 1.520077814874808 | O14: 4
A15: 1014 | B15: 17 | C15: 0 | D15: 1 | E15: 2 | F15: 12.101425068754875 | G15: 21 | H15: 0 | I15: 4 | J15: 0 | K15: 1 | L15: 0 | M15: 0 | N15: 1.7515809583340785 | O15: 4
A16: 1015 | B16: 18 | C16: 1 | D16: 0 | E16: 1 | F16: 11.197810636915708 | G16: 9 | H16: 1 | I16: 2 | J16: 0 | K16: 0 | L16: 0 | M16: 0 | N16: 2.396788117124796 | O16: 3
A17: 1016 | B17: 15 | C17: 0 | D17: 0 | E17: 2 | F17: 9.728100710723563 | G17: 17 | H17: 1 | I17: 0 | J17: 0 | K17: 1 | L17: 0 | M17: 0 | N17: 1.3415207165346672 | O17: 4
A18: 1017 | B18: 18 | C18: 0 | D18: 3 | E18: 1 | F18: 10.098656081788002 | G18: 14 | H18: 0 | I18: 2 | J18: 1 | K18: 1 | L18: 0 | M18: 0 | N18: 2.2321752777159762 | O18: 3
A19: 1018 | B19: 18 | C19: 1 | D19: 0 | E19: 0 | F19: 3.5282382085577235 | G19: 16 | H19: 1 | I19: 2 | J19: 0 | K19: 0 | L19: 0 | M19: 0 | N19: 1.3844041756940335 | O19: 4
A20: 1019 | B20: 18 | C20: 0 | D20: 1 | E20: 3 | F20: 16.25465808609359 | G20: 29 | H20: 0 | I20: 2 | J20: 1 | K20: 0 | L20: 0 | M20: 1 | N20: 0.4695533233798704 | O20: 4
A21: 1020 | B21: 17 | C21: 0 | D21: 0 | E21: 1 | F21: 10.835206398820308 | G21: 9 | H21: 0 | I21: 2 | J21: 0 | K21: 0 | L21: 1 | M21: 0 | N21: 2.3957840945306996 | O21: 3
A22: 1021 | B22: 16 | C22: 1 | D22: 0 | E22: 3 | F22: 2.621597234094062 | G22: 2 | H22: 0 | I22: 3 | J22: 0 | K22: 0 | L22: 0 | M22: 1 | N22: 2.778411299920653 | O22: 2
A23: 1022 | B23: 15 | C23: 0 | D23: 0 | E23: 2 | F23: 15.323142031655559 | G23: 25 | H23: 0 | I23: 1 | J23: 1 | K23: 0 | L23: 0 | M23: 0 | N23: 0.34689403670501484 | O23: 4
A24: 1023 | B24: 16 | C24: 1 | D24: 1 | E24: 0 | F24: 18.648879567547016 | G24: 29 | H24: 1 | I24: 1 | J24: 0 | K24: 0 | L24: 0 | M24: 0 | N24: 0.3125462305253549 | O24: 4
A25: 1024 | B25: 18 | C25: 1 | D25: 3 | E25: 4 | F25: 18.94613798473924 | G25: 20 | H25: 0 | I25: 2 | J25: 1 | K25: 0 | L25: 0 | M25: 0 | N25: 1.7701318767799732 | O25: 4
... A30: 1029 | B30: 18 | C30: 0 | D30: 0 | E30: 0 | F30: 18.679748370252344 | G30: 10 | H30: 0 | I30: 3 | J30: 1 | K30: 0 | L30: 0 | M30: 0 | N30: 2.854803928981318 | O30: 2
A31: 1030 | B31: 18 | C31: 0 | D31: 0 | E31: 2 | F31: 3.6715925 | G31: 20 | H31: 0 | I31: 3 | J31: 1 | K31: 0 | L31: 0 | M31: 0 | N31: 1.519441725815139 | O31: 4
A32: 1031 | B32: 15 | C32: 0 | D32: 2 | E32: 2 | F32: 5.055317199023282 | G32: 12 | H32: 1 | I32: 0 | J32: 0 | K32: 1 | L32: 0 | M32: 0 | N32: 1.727120309522409 | O32: 4
A33: 1032 | B33: 15 | C33: 0 | D33: 0 | E33: 3 | F33: 8.132730537699409 | G33: 17 | H33: 0 | I33: 4 | J33: 0 | K33: 0 | L33: 0 | M33: 1 | N33: 1.8475354711387906 | O33: 4
A34: 1033 | B34: 18 | C34: 0 | D34: 0 | E34: 3 | F34: 7.663289371182516 | G34: 25 | H34: 0 | I34: 1 | J34: 0 | K34: 1 | L34: 0 | M34: 0 | N34: 0.38461697285648777 | O34: 4
A35: 1034 | B35: 16 | C35: 0 | D35: 3 | E35: 3 | F35: 15.89325784795778 | G35: 21 | H35: 0 | I35: 0 | J35: 1 | K35: 1 | L35: 0 | M35: 0 | N35: 0.9494061 | O35: 4
A36: 1035 | B36: 16 | C36: 0 | D36: 0 | E36: 3 | F36: 9.126336411019247 | G36: 27 | H36: 1 | I36: 2 | J36: 1 | K36: 1 | L36: 0 | M36: 0 | N36: 1.1409594184203395 | O36: 4
A37: 1036 | B37: 15 | C37: 0 | D37: 3 | E37: 1 | F37: 3.415365200066738 | G37: 23 | H37: 0 | I37: 1 | J37: 0 | K37: 0 | L37: 0 | M37: 0 | N37: 0.2614722600507521 | O37: 4
A38: 1037 | B38: 18 | C38: 0 | D38: 0 | E38: 1 | F38: 5.344197909721482 | G38: 26 | H38: 1 | I38: 1 | J38: 0 | K38: 0 | L38: 0 | M38: 0 | N38: 0.21828485682103177 | O38: 4
A39: 1038 | B39: 15 | C39: 0 | D39: 2 | E39: 1 | F39: 10.18226770375044 | G39: 21 | H39: 1 | I39: 1 | J39: 0 | K39: 1 | L39: 0 | M39: 0 | N39: 1.0677635510419796 | O39: 4
A40: 1039 | B40: 15 | C40: 1 | D40: 1 | E40: 1 | F40: 2.949078348522698 | G40: 3 | H40: 1 | I40: 1 | J40: 1 | K40: 1 | L40: 0 | M40: 0 | N40: 3.0189058584279675 | O40: 1
A41: 1040 | B41: 17 | C41: 1 | D41: 2 | E41: 1 | F41: 12.233113512920282 | G41: 21 | H41: 1 | I41: 3 | J41: 1 | K41: 1 | L41: 0 | M41: 0 | N41: 1.5268678317927231 | O41: 4
A42: 1041 | B42: 17 | C42: 1 | D42: 3 | E42: 2 | F42: 11.314946131022918 | G42: 23 | H42: 1 | I42: 1 | J42: 0 | K42: 0 | L42: 0 | M42: 0 | N42: 1.0582873996898603 | O42: 4
A43: 1042 | B43: 17 | C43: 0 | D43: 0 | E43: 1 | F43: 14.294046327645153 | G43: 7 | H43: 0 | I43: 2 | J43: 0 | K43: 0 | L43: 0 | M43: 0 | N43: 2.625128097732231 | O43: 2
A44: 1043 | B44: 16 | C44: 1 | D44: 3 | E44: 2 | F44: 18.754092307587353 | G44: 12 | H44: 1 | I44: 4 | J44: 0 | K44: 0 | L44: 0 | M44: 0 | N44: 2.8087548220286536 | O44: 2
A45: 1044 | B45: 18 | C45: 1 | D45: 0 | E45: 1 | F45: 18.245091222023113 | G45: 9 | H45: 0 | I45: 2 | J45: 0 | K45: 1 | L45: 0 | M45: 0 | N45: 2.8888916692724433 | O45: 2
A46: 1045 | B46: 18 | C46: 1 | D46: 0 | E46: 1 | F46: 18.921512361376628 | G46: 1 | H46: 1 | I46: 3 | J46: 1 | K46: 1 | L46: 0 | M46: 0 | N46: 4 | O46: 0
A47: 1046 | B47: 18 | C47: 0 | D47: 0 | E47: 2 | F47: 4.894311940474019 | G47: 7 | H47: 0 | I47: 4 | J47: 0 | K47: 0 | L47: 1 | M47: 0 | N47: 2.515300272256249 | O47: 2
A48: 1047 | B48: 18 | C48: 0 | D48: 1 | E48: 2 | F48: 2.6313061327870924 | G48: 5 | H48: 0 | I48: 1 | J48: 1 | K48: 0 | L48: 0 | M48: 0 | N48: 2.5637654300150947 | O48: 2
A49: 1048 | B49: 17 | C49: 0 | D49: 0 | E49: 2 | F49: 6.045534 | G49: 15 | H49: 0 | I49: 2 | J49: 0 | K49: 0 | L49: 0 | M49: 0 | N49: 1.7036118032323682 | O49: 4
A50: 1049 | B50: 16 | C50: 0 | D50: 1 | E50: 2 | F50: 17.90170345532629 | G50: 17 | H50: 0 | I50: 3 | J50: 0 | K50: 0 | L50: 1 | M50: 0 | N50: 2.0998851567205854 | O50: 3
A51: 1050 | B51: 16 | C51: 1 | D51: 1 | E51: 1 | F51: 19.441069492469765 | G51: 16 | H51: 0 | I51: 4 | J51: 1 | K51: 0 | L51: 0 | M51: 0 | N51: 2.4610469629080955 | O51: 3
A52: 1051 | B52: 17 | C52: 1 | D52: 2 | E52: 2 | F52: 17.18649902140952 | G52: 5 | H52: 0 | I52: 3 | J52: 0 | K52: 0 | L52: 0 | M52: 0 | N52: 2.935477191694632 | O52: 2
A53: 1052 | B53: 16 | C53: 1 | D53: 2 | E53: 0 | F53: 2.200354422550872 | G53: 12 | H53: 1 | I53: 1 | J53: 1 | K53: 0 | L53: 1 | M53: 0 | N53: 1.9863780592187463 | O53: 4
A54: 1053 | B54: 17 | C54: 1 | D54: 0 | E54: 1 | F54: 18.948559961195862 | G54: 22 | H54: 0 | I54: 4 | J54: 0 | K54: 0 | L54: 1 | M54: 0 | N54: 1.5715441913992825 | O54: 4
A55: 1054 | B55: 18 | C55: 0 | D55: 0 | E55: 2 | F55: 8.4671605 | G55: 13 | H55: 0 | I55: 1 | J55: 0 | K55: 1 | L55: 0 | M55: 0 | N55: 1.6643106896610833 | O55: 4
A56: 1055 | B56: 17 | C56: 0 | D56: 0 | E56: 0 | F56: 0.18620581524707358 | G56: 29 | H56: 1 | I56: 2 | J56: 1 | K56: 1 | L56: 0 | M56: 0 | N56: 0.7562591665741925 | O56: 4
A57: 1056 | B57: 18 | C57: 0 | D57: 0 | E57: 1 | F57: 8.847874814963872 | G57: 25 | H57: 0 | I57: 2 | J57: 0 | K57: 1 | L57: 0 | M57: 0 | N57: 0.8027695392342074 | O57: 4
A58: 1057 | B58: 18 | C58: 1 | D58: 0 | E58: 4 | F58: 0.9213833935093518 | G58: 20 | H58: 0 | I58: 2 | J58: 0 | K58: 1 | L58: 1 | M58: 0 | N58: 1.3423871779577345 | O58: 4
A59: 1058 | B59: 15 | C59: 0 | D59: 0 | E59: 4 | F59: 10.87755842322235 | G59: 29 | H59: 0 | I59: 3 | J59: 1 | K59: 0 | L59: 0 | M59: 0 | N59: 0.2865712882866222 | O59: 4
A60: 1059 | B60: 17 | C60: 0 | D60: 0 | E60: 1 | F60: 6.771080548741026 | G60: 9 | H60: 1 | I60: 3 | J60: 0 | K60: 1 | L60: 0 | M60: 0 | N60: 2.6138387 | O60: 2
A61: 1060 | B61: 15 | C61: 1 | D61: 3 | E61: 0 | F61: 9.468698671880976 | G61: 23 | H61: 0 | I61: 3 | J61: 0 | K61: 1 | L61: 0 | M61: 0 | N61: 0.9290125546259369 | O61: 4
A62: 1061 | B62: 17 | C62: 1 | D62: 1 | E62: 1 | F62: 12.26340721486234 | G62: 10 | H62: 0 | I62: 0 | J62: 1 | K62: 0 | L62: 1 | M62: 0 | N62: 1.8927586959265916 | O62: 4
A63: 1062 | B63: 17 | C63: 0 | D63: 0 | E63: 1 | F63: 17.376021916356407 | G63: 12 | H63: 0 | I63: 2 | J63: 0 | K63: 0 | L63: 1 | M63: 0 | N63: 2.331261549308754 | O63: 3
A64: 1063 | B64: 15 | C64: 0 | D64: 1 | E64: 3 | F64: 13.238031529438572 | G64: 11 | H64: 0 | I64: 3 | J64: 0 | K64: 1 | L64: 0 | M64: 0 | N64: 2.234238472600233 | O64: 3
A65: 1064 | B65: 15 | C65: 0 | D65: 0 | E65: 1 | F65: 8.680977369563614 | G65: 8 | H65: 0 | I65: 2 | J65: 0 | K65: 1 | L65: 0 | M65: 0 | N65: 2.3858282190764624 | O65: 3
A66: 1065 | B66: 17 | C66: 0 | D66: 0 | E66: 2 | F66: 16.388557073407302 | G66: 3 | H66: 1 | I66: 4 | J66: 0 | K66: 0 | L66: 0 | M66: 0 | N66: 3.3473567435078095 | O66: 1
A67: 1066 | B67: 16 | C67: 0 | D67: 1 | E67: 1 | F67: 18.111642751462643 | G67: 6 | H67: 1 | I67: 3 | J67: 1 | K67: 0 | L67: 0 | M67: 0 | N67: 3.2618553073332905 | O67: 1
A68: 1067 | B68: 18 | C68: 0 | D68: 0 | E68: 4 | F68: 2.3951993286439444 | G68: 23 | H68: 0 | I68: 3 | J68: 0 | K68: 1 | L68: 0 | M68: 0 | N68: 1.0396238791477144 | O68: 4
A69: 1068 | B69: 15 | C69: 1 | D69: 0 | E69: 1 | F69: 10.638659551055829 | G69: 28 | H69: 0 | I69: 0 | J69: 0 | K69: 1 | L69: 0 | M69: 0 | N69: 0.027818624732467906 | O69: 4
A70: 1069 | B70: 18 | C70: 1 | D70: 3 | E70: 2 | F70: 5.690239194848883 | G70: 21 | H70: 1 | I70: 3 | J70: 0 | K70: 0 | L70: 1 | M70: 0 | N70: 1.3299645378768772 | O70: 4
A71: 1070 | B71: 16 | C71: 1 | D71: 2 | E71: 1 | F71: 0.94122396 | G71: 1 | H71: 0 | I71: 4 | J71: 0 | K71: 0 | L71: 1 | M71: 0 | N71: 3.2839165218973836 | O71: 1
A72: 1071 | B72: 16 | C72: 0 | D72: 1 | E72: 2 | F72: 13.370933902279706 | G72: 6 | H72: 0 | I72: 2 | J72: 1 | K72: 0 | L72: 0 | M72: 0 | N72: 2.937454182316864 | O72: 2
A73: 1072 | B73: 16 | C73: 1 | D73: 1 | E73: 1 | F73: 17.255415549184512 | G73: 28 | H73: 0 | I73: 3 | J73: 0 | K73: 0 | L73: 1 | M73: 1 | N73: 0.7388682028052602 | O73: 4
A74: 1073 | B74: 15 | C74: 0 | D74: 1 | E74: 1 | F74: 3.258053089547881 | G74: 8 | H74: 0 | I74: 2 | J74: 1 | K74: 1 | L74: 0 | M74: 0 | N74: 2.556801662833417 | O74: 2
A75: 1074 | B75: 16 | C75: 0 | D75: 0 | E75: 3 | F75: 16.24827315247801 | G75: 4 | H75: 1 | I75: 2 | J75: 0 | K75: 0 | L75: 0 | M75: 0 | N75: 3.300928568970799 | O75: 1
A76: 1075 | B76: 15 | C76: 1 | D76: 0 | E76: 3 | F76: 17.067914670738833 | G76: 14 | H76: 0 | I76: 3 | J76: 1 | K76: 0 | L76: 1 | M76: 0 | N76: 2.200682946560561 | O76: 3
A77: 1076 | B77: 16 | C77: 0 | D77: 0 | E77: 3 | F77: 18.28680885332967 | G77: 17 | H77: 0 | I77: 3 | J77: 0 | K77: 1 | L77: 0 | M77: 0 | N77: 1.8558655731681934 | O77: 4
A78: 1077 | B78: 18 | C78: 0 | D78: 0 | E78: 2 | F78: 5.305701781721048 | G78: 3 | H78: 0 | I78: 3 | J78: 0 | K78: 0 | L78: 0 | M78: 0 | N78: 2.7344014944199917 | O78: 2
A79: 1078 | B79: 18 | C79: 1 | D79: 1 | E79: 3 | F79: 18.079061303797786 | G79: 18 | H79: 1 | I79: 1 | J79: 1 | K79: 1 | L79: 0 | M79: 0 | N79: 2.1317372971872284 | O79: 3
A80: 1079 | B80: 17 | C80: 1 | D80: 0 | E80: 0 | F80: 6.413255094728645 | G80: 19 | H80: 0 | I80: 1 | J80: 0 | K80: 0 | L80: 0 | M80: 0 | N80: 0.9797699107752862 | O80: 4
A81: 1080 | B81: 18 | C81: 1 | D81: 3 | E81: 1 | F81: 11.046760269110056 | G81: 25 | H81: 0 | I81: 3 | J81: 0 | K81: 1 | L81: 0 | M81: 0 | N81: 0.99432502 | O81: 4
A82: 1081 | B82: 17 | C82: 0 | D82: 3 | E82: 1 | F82: 1.0101494166456426 | G82: 6 | H82: 0 | I82: 1 | J82: 0 | K82: 1 | L82: 0 | M82: 0 | N82: 2.0746999767813343 | O82: 3
A83: 1082 | B83: 18 | C83: 1 | D83: 2 | E83: 2 | F83: 0.8776217673748721 | G83: 25 | H83: 0 | I83: 2 | J83: 0 | K83: 0 | L83: 0 | M83: 0 | N83: 0.50050804 | O83: 4
A84: 1083 | B84: 15 | C84: 1 | D84: 1 | E84: 1 | F84: 14.407464254644058 | G84: 7 | H84: 0 | I84: 0 | J84: 1 | K84: 1 | L84: 0 | M84: 0 | N84: 2.532438417587673 | O84: 2
A85: 1084 | B85: 18 | C85: 0 | D85: 2 | E85: 1 | F85: 8.8895996 | G85: 16 | H85: 0 | I85: 1 | J85: 0 | K85: 1 | L85: 0 | M85: 0 | N85: 1.4633780357856976 | O85: 4
A86: 1085 | B86: 17 | C86: 1 | D86: 0 | E86: 2 | F86: 5.125847507384352 | G86: 12 | H86: 0 | I86: 3 | J86: 1 | K86: 1 | L86: 0 | M86: 0 | N86: 2.342836773191855 | O86: 3
A87: 1086 | B87: 17 | C87: 1 | D87: 2 | E87: 3 | F87: 3.808269920498204 | G87: 23 | H87: 0 | I87: 3 | J87: 0 | K87: 0 | L87: 0 | M87: 0 | N87: 1.1588463344506035 | O87: 4
A88: 1087 | B88: 16 | C88: 1 | D88: 0 | E88: 1 | F88: 13.399069817184362 | G88: 20 | H88: 1 | I88: 1 | J88: 1 | K88: 0 | L88: 1 | M88: 1 | N88: 1.5237487447337323 | O88: 4
A89: 1088 | B89: 15 | C89: 0 | D89: 2 | E89: 1 | F89: 0.008030881 | G89: 27 | H89: 0 | I89: 1 | J89: 0 | K89: 0 | L89: 1 | M89: 0 | N89: 0 | O89: 4
A90: 1089 | B90: 18 | C90: 0 | D90: 0 | E90: 1 | F90: 16.117823383937086 | G90: 22 | H90: 0 | I90: 0 | J90: 1 | K90: 0 | L90: 1 | M90: 0 | N90: 1.0586220144439875 | O90: 4
A91: 1090 | B91: 16 | C91: 0 | D91: 2 | E91: 1 | F91: 1.5849921225985764 | G91: 10 | H91: 0 | I91: 2 | J91: 0 | K91: 0 | L91: 1 | M91: 1 | N91: 2.2297401841747666 | O91: 3
A92: 1091 | B92: 18 | C92: 0 | D92: 3 | E92: 1 | F92: 3.829792298162389 | G92: 26 | H92: 0 | I92: 1 | J92: 0 | K92: 0 | L92: 0 | M92: 1 | N92: 0.19474328074551517 | O92: 4
A93: 1092 | B93: 18 | C93: 1 | D93: 0 | E93: 2 | F93: 7.724727905981792 | G93: 0 | H93: 0 | I93: 2 | J93: 1 | K93: 1 | L93: 0 | M93: 0 | N93: 3.5069200713692137 | O93: 0
A94: 1093 | B94: 16 | C94: 0 | D94: 0 | E94: 2 | F94: 9.697174794322072 | G94: 1 | H94: 1 | I94: 3 | J94: 0 | K94: 0 | L94: 0 | M94: 0 | N94: 3.552286943350944 | O94: 0
A95: 1094 | B95: 16 | C95: 0 | D95: 3 | E95: 2 | F95: 7.099902316278836 | G95: 16 | H95: 1 | I95: 3 | J95: 0 | K95: 1 | L95: 0 | M95: 0 | N95: 2.2384914 | O95: 3
A96: 1095 | B96: 16 | C96: 1 | D96: 0 | E96: 1 | F96: 6.414243299685878 | G96: 4 | H96: 0 | I96: 1 | J96: 1 | K96: 1 | L96: 0 | M96: 0 | N96: 2.7084723438568763 | O96: 2
A97: 1096 | B97: 16 | C97: 1 | D97: 2 | E97: 3 | F97: 19.278320241463767 | G97: 29 | H97: 0 | I97: 3 | J97: 0 | K97: 0 | L97: 0 | M97: 1 | N97: 0.7329082339013866 | O97: 4
A98: 1097 | B98: 16 | C98: 1 | D98: 1 | E98: 1 | F98: 12.831593624867885 | G98: 29 | H98: 0 | I98: 4 | J98: 0 | K98: 0 | L98: 1 | M98: 0 | N98: 0.9654824453045303 | O98: 4
A99: 1098 | B99: 18 | C99: 0 | D99: 0 | E99: 2 | F99: 0.46865910734776417 | G99: 5 | H99: 0 | I99: 2 | J99: 0 | K99: 1 | L99: 0 | M99: 0 | N99: 2.5552328599380942 | O99: 2
A100: 1099 | B100: 16 | C100: 0 | D100: 0 | E100: 3 | F100: 8.603518168886264 | G100: 25 | H100: 0 | I100: 2 | J100: 1 | K100: 0 | L100: 1 | M100: 1 | N100: 0.7443222999212357 | O100: 4
A101: 1100 | B101: 15 | C101: 0 | D101: 0 | E101: 1 | F101: 17.500173994879404 | G101: 24 | H101: 0 | I101: 2 | J101: 0 | K101: 0 | L101: 0 | M101: 0 | N101: 0.7220565813951911 | O101: 4
A102: 1101 | B102: 17 | C102: 1 | D102: 2 | E102: 1 | F102: 6.029123728213359 | G102: 23 | H102: 1 | I102: 1 | J102: 1 | K102: 1 | L102: 0 | M102: 1 | N102: 1.2712295298373406 | O102: 4
A103: 1102 | B103: 16 | C103: 1 | D103: 0 | E103: 3 | F103: 1.8911268954877647 | G103: 6 | H103: 0 | I103: 3 | J103: 1 | K103: 0 | L103: 1 | M103: 1 | N103: 2.5261421 | O103: 2
A104: 1103 | B104: 16 | C104: 0 | D104: 1 | E104: 1 | F104: 15.167695431798355 | G104: 27 | H104: 0 | I104: 3 | J104: 1 | K104: 1 | L104: 0 | M104: 0 | N104: 0.9424153953595232 | O104: 4
...

Sheet Cleaned_Data
A1: StudentID | B1: Age | C1: Gender | D1: Ethnicity | E1: ParentalEducation | F1: StudyTimeWeekly(Hours) | G1: Absences | H1: Tutoring | I1: ParentalSupport | J1: Extracurricular | K1: Sports | L1: Music | M1: Volunteering | N1: GPA | O1: GradeClass | P1: Remark
A2: 1001 | B2: 17 | C2: Female | D2: General | E2: Post Graduation | F2: 20 | G2: 7 | H2: Yes | I2: Moderate support | J2: No | K2: No | L2: Yes | M2: No | N2: 3 | O2: 2 | P2: =IF(Cleaned_Data!$N2>=3.5,"Excellent",IF(Cleaned_Data!$N2>=3,"Good",IF(Cleaned_Data!$N2>=2,"Average",IF(Cleaned_Data!$N2>=1,"Below Average","Very Poor")))) -> Good
A3: 1002 | B3: 18 | C3: Male | D3: General | E3: Graduation | F3: 15 | G3: 0 | H3: No | I3: Low support | J3: No | K3: No | L3: No | M3: No | N3: 3 | O3: 1 | P3: =IF(Cleaned_Data!$N3>=3.5,"Excellent",IF(Cleaned_Data!$N3>=3,"Good",IF(Cleaned_Data!$N3>=2,"Average",IF(Cleaned_Data!$N3>=1,"Below Average","Very Poor")))) -> Good
A4: 1003 | B4: 15 | C4: Male | D4: SC | E4: Secondary | F4: 4 | G4: 26 | H4: No | I4: Moderate support | J4: No | K4: No | L4: No | M4: No | N4: 0 | O4: 4 | P4: =IF(Cleaned_Data!$N4>=3.5,"Excellent",IF(Cleaned_Data!$N4>=3,"Good",IF(Cleaned_Data!$N4>=2,"Average",IF(Cleaned_Data!$N4>=1,"Below Average","Very Poor")))) -> Very Poor
A5: 1004 | B5: 17 | C5: Female | D5: General | E5: Secondary | F5: 10 | G5: 14 | H5: No | I5: High support | J5: Yes | K5: No | L5: No | M5: No | N5: 2 | O5: 3 | P5: =IF(Cleaned_Data!$N5>=3.5,"Excellent",IF(Cleaned_Data!$N5>=3,"Good",IF(Cleaned_Data!$N5>=2,"Average",IF(Cleaned_Data!$N5>=1,"Below Average","Very Poor")))) -> Average
A6: 1005 | B6: 17 | C6: Female | D6: General | E6: Post Graduation | F6: 5 | G6: 17 | H6: Yes | I6: High support | J6: No | K6: No | L6: No | M6: No | N6: 1 | O6: 4 | P6: =IF(Cleaned_Data!$N6>=3.5,"Excellent",IF(Cleaned_Data!$N6>=3,"Good",IF(Cleaned_Data!$N6>=2,"Average",IF(Cleaned_Data!$N6>=1,"Below Average","Very Poor")))) -> Below Average
A7: 1006 | B7: 18 | C7: Male | D7: General | E7: Graduation | F7: 8 | G7: 0 | H7: No | I7: Low support | J7: Yes | K7: No | L7: No | M7: No | N7: 3 | O7: 1 | P7: =IF(Cleaned_Data!$N7>=3.5,"Excellent",IF(Cleaned_Data!$N7>=3,"Good",IF(Cleaned_Data!$N7>=2,"Average",IF(Cleaned_Data!$N7>=1,"Below Average","Very Poor")))) -> Good
A8: 1007 | B8: 15 | C8: Male | D8: ST | E8: Graduation | F8: 16 | G8: 10 | H8: No | I8: High support | J8: No | K8: Yes | L8: No | M8: No | N8: 3 | O8: 2 | P8: =IF(Cleaned_Data!$N8>=3.5,"Excellent",IF(Cleaned_Data!$N8>=3,"Good",IF(Cleaned_Data!$N8>=2,"Average",IF(Cleaned_Data!$N8>=1,"Below Average","Very Poor")))) -> Good
A9: 1008 | B9: 15 | C9: Female | D9: ST | E9: Higher Secondary | F9: 15 | G9: 22 | H9: Yes | I9: Low support | J9: Yes | K9: No | L9: No | M9: No | N9: 1 | O9: 4 | P9: =IF(Cleaned_Data!$N9>=3.5,"Excellent",IF(Cleaned_Data!$N9>=3,"Good",IF(Cleaned_Data!$N9>=2,"Average",IF(Cleaned_Data!$N9>=1,"Below Average","Very Poor")))) -> Below Average
A10: 1009 | B10: 17 | C10: Male | D10: General | E10: No Schooling | F10: 5 | G10: 1 | H10: No | I10: Moderate support | J10: No | K10: Yes | L10: No | M10: Yes | N10: 3 | O10: 2 | P10: =IF(Cleaned_Data!$N10>=3.5,"Excellent",IF(Cleaned_Data!$N10>=3,"Good",IF(Cleaned_Data!$N10>=2,"Average",IF(Cleaned_Data!$N10>=1,"Below Average","Very Poor")))) -> Good
A11: 1010 | B11: 16 | C11: Female | D11: General | E11: Graduation | F11: 18 | G11: 0 | H11: No | I11: High support | J11: Yes | K11: No | L11: No | M11: No | N11: 4 | O11: 0 | P11: =IF(Cleaned_Data!$N11>=3.5,"Excellent",IF(Cleaned_Data!$N11>=3,"Good",IF(Cleaned_Data!$N11>=2,"Average",IF(Cleaned_Data!$N11>=1,"Below Average","Very Poor")))) -> Excellent
A12: 1011 | B12: 17 | C12: Male | D12: General | E12: Graduation | F12: 12 | G12: 11 | H12: No | I12: Low support | J12: No | K12: No | L12: No | M12: No | N12: 2 | O12: 3 | P12: =IF(Cleaned_Data!$N12>=3.5,"Excellent",IF(Cleaned_Data!$N12>=3,"Good",IF(Cleaned_Data!$N12>=2,"Average",IF(Cleaned_Data!$N12>=1,"Below Average","Very Poor")))) -> Average
A13: 1012 | B13: 17 | C13: Male | D13: General | E13: Graduation | F13: 8 | G13: 15 | H13: No | I13: Moderate support | J13: No | K13: No | L13: No | M13: Yes | N13: 2 | O13: 4 | P13: =IF(Cleaned_Data!$N13>=3.5,"Excellent",IF(Cleaned_Data!$N13>=3,"Good",IF(Cleaned_Data!$N13>=2,"Average",IF(Cleaned_Data!$N13>=1,"Below Average","Very Poor")))) -> Average
... A2393: 3392 | B2393: 16 | C2393: Female | D2393: General | E2393: Post Graduation | F2393: 18 | G2393: 13 | H2393: No | I2393: Moderate support | J2393: No | K2393: No | L2393: No | M2393: Yes | N2393: 2 | O2393: 1 | P2393: =IF(Cleaned_Data!$N2393>=3.5,"Excellent",IF(Cleaned_Data!$N2393>=3,"Good",IF(Cleaned_Data!$N2393>=2,"Average",IF(Cleaned_Data!$N2393>=1,"Below Average","Very Poor")))) -> Average

Sheet Bar Chart
A3: Count of StudentID | B3: Column Labels
A4: Row Labels | B4: Female | C4: Male | D4: Grand Total
A5: Average | B5: 430 | C5: 408 | D5: 838
A6: Below Average | B6: 362 | C6: 344 | D6: 706
A7: Excellent | B7: 41 | C7: 36 | D7: 77
A8: Good | B8: 313 | C8: 316 | D8: 629
A9: Very Poor | B9: 76 | C9: 66 | D9: 142
A10: Grand Total | B10: 1222 | C10: 1170 | D10: 2392

Sheet Categorywise GPA
A3: Row Labels | B3: Average of GPA
A4: General | B4: 1.8898094
A5: OBC | B5: 1.954955
A6: SC | B6: 1.9212766
A7: ST | B7: 1.9452333
A8: Grand Total | B8: 1.9134615

Sheet StudyTime vs GPA
P2: Row Labels | Q2: Count of StudentID
A3: Row Labels | B3: Average of GPA | P3: No | Q3: 1671
A4: 0 | B4: 1.3538462 | P4: Yes | Q4: 721
A5: 1 | B5: 1.7168142 | P5: Grand Total | Q5: 2392
A6: 2 | B6: 1.7768595
A7: 3 | B7: 1.7603306
A8: 4 | B8: 1.7603306
A9: 5 | B9: 1.71875
A10: 6 | B10: 1.8547009
A11: 7 | B11: 1.7521368
A12: 8 | B12: 1.8550725
A13: 9 | B13: 1.9166667
A14: 10 | B14: 1.9496403
A15: 11 | B15: 2.0080645
A16: 12 | B16: 1.952381
A17: 13 | B17: 2.059322
... A24: 20 | B24: 2.1666667
A25: Grand Total | B25: 1.9134615

Sheet Dashboard
A1: 🎓 Student Performance Dashboard
B3: Total Students | D3: Total Male | F3: Total Female | H3: Average GPA
B4: =COUNT(Cleaned_Data!A2:A2393) -> 2392 | D4: =COUNTIF(Cleaned_Data!C2:C2393,"Male") -> 1170 | F4: =COUNTIF(Cleaned_Data!C2:C2393,"Female") -> 1222 | H4: =AVERAGE(Cleaned_Data!N2:N2393) -> 1.9134615
